[{"id":"user-image-UniversidadePedaggicadeMaputo-Sobre-GoogleChrome01_06_202412_55_37.png","publicUrl":"np://user.desktop.nicepage.com/Site_24193180/images/UniversidadePedaggicadeMaputo-Sobre-GoogleChrome01_06_202412_55_37.png","size":13982,"hash":"tba4NmlZw+tHH9yjmEUIDKLBkoE=","fileName":"UniversidadePedaggicadeMaputo-Sobre-GoogleChrome01_06_202412_55_37.png","name":"UniversidadePedaggicadeMaputo-Sobre-GoogleChrome01_06_202412_55_37","width":230,"height":141,"thumbnail":{"url":"np://user.desktop.nicepage.com/Site_24193180/images/thumbnails/UniversidadePedaggicadeMaputo-Sobre-GoogleChrome01_06_202412_55_37.png","width":230,"height":141,"length":13982,"type":"png"},"folderId":null,"usages":[]},{"id":"user-image-3781605.png","publicUrl":"np://user.desktop.nicepage.com/Site_24193180/images/3781605.png","size":1912,"hash":"6Tw3slrPqIjC4vSI+P+hazcppY0=","fileName":"3781605.png","name":"3781605","width":128,"height":128,"thumbnail":{"url":"np://user.desktop.nicepage.com/Site_24193180/images/thumbnails/3781605.png","width":128,"height":128,"length":1912,"type":"png"},"folderId":null,"usages":[]},{"id":"user-image-126341.png","publicUrl":"np://user.desktop.nicepage.com/Site_24193180/images/126341.png","size":2820,"hash":"f46RLLXdzxZvpohJeCRm9T/XDQw=","fileName":"126341.png","name":"126341","width":128,"height":128,"thumbnail":{"url":"np://user.desktop.nicepage.com/Site_24193180/images/thumbnails/126341.png","width":128,"height":128,"length":2820,"type":"png"},"folderId":null,"usages":[]},{"id":"user-image-cartaz-seminario-anual-2024.jpg","publicUrl":"np://user.desktop.nicepage.com/Site_24193180/images/cartaz-seminario-anual-2024.jpg","size":660496,"hash":"kTIg6mjRhOl7L+5uW1ZUdRXo/zE=","fileName":"cartaz-seminario-anual-2024.jpg","name":"cartaz-seminario-anual-2024","width":975,"height":1360,"thumbnail":{"url":"np://user.desktop.nicepage.com/Site_24193180/images/thumbnails/cartaz-seminario-anual-2024.jpg","width":179,"height":250},"folderId":null,"usages":["469409813"]},{"id":"user-image-441966553_953720863210713_8363313408312811986_n.jpg","publicUrl":"np://user.desktop.nicepage.com/Site_24193180/images/441966553_953720863210713_8363313408312811986_n.jpg","size":79718,"hash":"PmuA8O7/pDs8QyRxT40qWZtQcEs=","fileName":"441966553_953720863210713_8363313408312811986_n.jpg","name":"441966553_953720863210713_8363313408312811986_n","width":640,"height":800,"thumbnail":{"url":"np://user.desktop.nicepage.com/Site_24193180/images/thumbnails/441966553_953720863210713_8363313408312811986_n.jpg","width":200,"height":250},"folderId":null,"usages":["469409813"]},{"id":"user-image-images.jpg","publicUrl":"np://user.desktop.nicepage.com/Site_24193180/images/images.jpg","size":7903,"hash":"wn200lIRNfpNd7gGagFzvq+UAb0=","fileName":"images.jpg","name":"images","width":275,"height":183,"thumbnail":{"url":"np://user.desktop.nicepage.com/Site_24193180/images/thumbnails/images.jpg","width":250,"height":166},"folderId":null,"usages":["469409813"]},{"id":"user-image-UniversidadePedaggicadeMaputo-Sobre-GoogleChrome01_06_202412_53_13.png","publicUrl":"np://user.desktop.nicepage.com/Site_24193180/images/UniversidadePedaggicadeMaputo-Sobre-GoogleChrome01_06_202412_53_13.png","size":1065248,"hash":"JZgKSQc4xvxGjDHO1O8mmRuAKu8=","fileName":"UniversidadePedaggicadeMaputo-Sobre-GoogleChrome01_06_202412_53_13.png","name":"UniversidadePedaggicadeMaputo-Sobre-GoogleChrome01_06_202412_53_13","width":1366,"height":549,"thumbnail":{"url":"np://user.desktop.nicepage.com/Site_24193180/images/thumbnails/UniversidadePedaggicadeMaputo-Sobre-GoogleChrome01_06_202412_53_13.png","width":250,"height":100},"folderId":null,"usages":[]},{"id":"user-image-download.jpg","publicUrl":"np://user.desktop.nicepage.com/Site_24193180/images/download.jpg","size":5666,"hash":"6SCxSx5qWaxLt+RezXw0jLnjjc4=","fileName":"download.jpg","name":"download","width":276,"height":183,"thumbnail":{"url":"np://user.desktop.nicepage.com/Site_24193180/images/thumbnails/download.jpg","width":250,"height":166},"folderId":null,"usages":[]},{"id":"user-image-download1.jpg","publicUrl":"np://user.desktop.nicepage.com/Site_24193180/images/download1.jpg","size":9766,"hash":"Z/CeQdJ5M8jOPHcnZME7tG21rrE=","fileName":"download1.jpg","name":"download1","width":348,"height":145,"thumbnail":{"url":"np://user.desktop.nicepage.com/Site_24193180/images/thumbnails/download1.jpg","width":250,"height":104},"folderId":null,"usages":[]},{"id":"user-image-khyv.png","publicUrl":"np://user.desktop.nicepage.com/Site_24193180/images/khyv.png","size":7500,"hash":"H9J3EKFiDufjbzHC1wgW+LViraw=","fileName":"khyv.png","name":"khyv","width":266,"height":72,"thumbnail":{"url":"np://user.desktop.nicepage.com/Site_24193180/images/thumbnails/khyv.png","width":250,"height":68},"folderId":null,"usages":[]}]