[{"id":21152594,"title":"Blog Template","order":1,"templateKey":"blog","customTemplate":false,"customTemplateFilename":null,"pageLinks":[],"dateCreated":"2023-06-22T17:41:36.919Z","dateUpdated":"2023-06-22T17:41:36.919Z","folderId":null,"pageName":"Blog Template","serverPageId":null,"status":2,"backwardUrl":null},{"id":737914578,"title":"Post Template","order":2,"templateKey":"post","customTemplate":false,"customTemplateFilename":null,"pageLinks":[],"dateCreated":"2023-06-22T17:41:42.543Z","dateUpdated":"2023-06-22T17:41:42.543Z","folderId":null,"pageName":"Post Template","serverPageId":null,"status":2,"backwardUrl":null},{"id":2382609862,"title":"Product List Template","order":3,"templateKey":"products","customTemplate":false,"customTemplateFilename":null,"pageLinks":[],"dateCreated":"2023-06-22T17:41:43.220Z","dateUpdated":"2023-06-22T17:41:43.220Z","folderId":null,"pageName":"Product List Template","serverPageId":null,"status":2,"backwardUrl":null},{"id":748008717,"title":"Product Details Template","order":4,"templateKey":"product","customTemplate":false,"customTemplateFilename":null,"pageLinks":[],"dateCreated":"2023-06-22T17:41:45.145Z","dateUpdated":"2023-06-22T17:41:45.145Z","folderId":null,"pageName":"Product Details Template","serverPageId":null,"status":2,"backwardUrl":null},{"id":65920621,"title":"Shopping Cart Template","order":5,"templateKey":"cart","customTemplate":false,"customTemplateFilename":null,"pageLinks":[],"dateCreated":"2023-06-22T17:41:47.175Z","dateUpdated":"2023-06-22T17:41:47.175Z","folderId":null,"pageName":"Shopping Cart Template","serverPageId":null,"status":2,"backwardUrl":null},{"id":324208528,"title":"Checkout Template","order":6,"templateKey":"checkout","customTemplate":false,"customTemplateFilename":null,"pageLinks":[],"dateCreated":"2023-06-22T17:41:48.083Z","dateUpdated":"2023-06-22T17:41:48.083Z","folderId":null,"pageName":"Checkout Template","serverPageId":null,"status":2,"backwardUrl":null},{"id":182362746,"title":"Login Template","order":7,"templateKey":"login","customTemplate":false,"customTemplateFilename":null,"pageLinks":[],"dateCreated":"2023-06-22T17:41:48.510Z","dateUpdated":"2023-06-22T17:41:48.510Z","folderId":null,"pageName":"Login Template","serverPageId":null,"status":2,"backwardUrl":null},{"id":138116684,"title":"Page Password Template","order":8,"templateKey":"password","customTemplate":false,"customTemplateFilename":null,"pageLinks":[],"dateCreated":"2023-06-22T17:41:48.770Z","dateUpdated":"2023-06-22T17:41:48.770Z","folderId":null,"pageName":"Page Password Template","serverPageId":null,"status":2,"backwardUrl":null},{"id":866117922,"title":"404 Not Found Template","order":9,"templateKey":"404","customTemplate":false,"customTemplateFilename":null,"pageLinks":[],"dateCreated":"2023-06-22T17:41:49.050Z","dateUpdated":"2023-06-22T17:41:49.050Z","folderId":null,"pageName":"404 Not Found Template","serverPageId":null,"status":2,"backwardUrl":null},{"id":2421089,"title":"Thank You Page Template","order":10,"templateKey":"ThankYou","customTemplate":false,"customTemplateFilename":null,"pageLinks":[],"dateCreated":"2024-06-01T09:34:10.226Z","dateUpdated":"2024-06-01T09:34:10.517Z","folderId":null,"pageName":"Thank You Page Template","serverPageId":null,"sectionCount":1,"status":2,"backwardUrl":null},{"id":469409813,"title":"Page 3","order":105,"templateKey":null,"customTemplate":false,"customTemplateFilename":null,"pageLinks":[],"dateCreated":"2024-06-01T13:42:59.849Z","dateUpdated":"2024-06-04T10:11:12.599Z","folderId":null,"pageName":"Page 3_469409813","serverPageId":null,"sectionCount":4,"status":2,"backwardUrl":null}]